"restaurant","item_name","date","baseprice_USD","discount_percent","sales_quantity","is_weekend","is_friday","is_holiday","day_of_week","day_of_month","week_of_year","month","discount_amount_USD","selling_price_USD"
"R1","Burger",2023-11-01,8,40,225,0,0,0,"Wednesday",1,44,11,3.2,4.8
"R1","Burger",2023-11-02,8,20,165,0,0,0,"Thursday",2,44,11,1.6,6.4
"R1","Burger",2023-11-03,8,0,150,0,1,0,"Friday",3,44,11,0,8
"R1","Burger",2023-11-04,8,NA,167,1,0,0,"Saturday",4,44,11,NA,NA
"R1","Burger",2023-11-05,8,0,166,1,0,0,"Sunday",5,44,11,0,8
"R1","Burger",2023-11-06,8,0,126,0,0,0,"Monday",6,45,11,0,8
"R1","Burger",2023-11-07,8,0,138,0,0,0,"Tuesday",7,45,11,0,8
"R1","Burger",2023-11-08,8,NA,132,0,0,0,"Wednesday",8,45,11,NA,NA
"R1","Burger",2023-11-09,8,5,143,0,0,0,"Thursday",9,45,11,0.4,7.6
"R1","Burger",2023-11-10,8,0,148,0,1,0,"Friday",10,45,11,0,8
"R1","Burger",2023-11-11,8,0,165,1,0,1,"Saturday",11,45,11,0,8
"R1","Burger",2023-11-12,8,0,127,1,0,0,"Sunday",12,45,11,0,8
"R1","Burger",2023-11-13,8,0,128,0,0,0,"Monday",13,46,11,0,8
"R1","Burger",2023-11-14,8,0,127,0,0,0,"Tuesday",14,46,11,0,8
"R1","Burger",2023-11-15,8,0,133,0,0,0,"Wednesday",15,46,11,0,8
"R1","Burger",2023-11-16,8,25,177,0,0,0,"Thursday",16,46,11,2,6
"R1","Burger",2023-11-17,8,0,144,0,1,0,"Friday",17,46,11,0,8
"R1","Burger",2023-11-18,8,0,187,1,0,0,"Saturday",18,46,11,0,8
"R1","Burger",2023-11-19,8,50,300,1,0,0,"Sunday",19,46,11,4,4
"R1","Burger",2023-11-20,8,0,128,0,0,0,"Monday",20,47,11,0,8
"R1","Burger",2023-11-21,8,0,135,0,0,0,"Tuesday",21,47,11,0,8
"R1","Burger",2023-11-22,8,0,129,0,0,0,"Wednesday",22,47,11,0,8
"R1","Burger",2023-11-23,8,25,195,0,0,0,"Thursday",23,47,11,2,6
"R1","Burger",2023-11-24,8,40,235,0,1,0,"Friday",24,47,11,3.2,4.8
"R1","Burger",2023-11-25,8,40,265,1,0,0,"Saturday",25,47,11,3.2,4.8
"R1","Burger",2023-11-26,8,0,190,1,0,0,"Sunday",26,47,11,0,8
"R1","Burger",2023-11-27,8,NA,137,0,0,0,"Monday",27,48,11,NA,NA
"R1","Burger",2023-11-28,8,0,195,0,0,1,"Tuesday",28,48,11,0,8
"R1","Burger",2023-11-29,8,0,135,0,0,0,"Wednesday",29,48,11,0,8
"R1","Burger",2023-11-30,8,40,195,0,0,0,"Thursday",30,48,11,3.2,4.8
"R1","Salad",2023-11-01,15,25,159,0,0,0,"Wednesday",1,44,11,3.75,11.25
"R1","Salad",2023-11-02,15,20,144,0,0,0,"Thursday",2,44,11,3,12
"R1","Salad",2023-11-03,15,0,135,0,1,0,"Friday",3,44,11,0,15
"R1","Salad",2023-11-04,15,0,165,1,0,0,"Saturday",4,44,11,0,15
"R1","Salad",2023-11-05,15,0,149,1,0,0,"Sunday",5,44,11,0,15
"R1","Salad",2023-11-06,15,0,132,0,0,0,"Monday",6,45,11,0,15
"R1","Salad",2023-11-07,15,0,124,0,0,0,"Tuesday",7,45,11,0,15
"R1","Salad",2023-11-08,15,NA,128,0,0,0,"Wednesday",8,45,11,NA,NA
"R1","Salad",2023-11-09,15,5,133,0,0,0,"Thursday",9,45,11,0.75,14.25
"R1","Salad",2023-11-10,15,0,125,0,1,0,"Friday",10,45,11,0,15
"R1","Salad",2023-11-11,15,0,138,1,0,1,"Saturday",11,45,11,0,15
"R1","Salad",2023-11-12,15,0,144,1,0,0,"Sunday",12,45,11,0,15
"R1","Salad",2023-11-13,15,0,120,0,0,0,"Monday",13,46,11,0,15
"R1","Salad",2023-11-14,15,0,125,0,0,0,"Tuesday",14,46,11,0,15
"R1","Salad",2023-11-15,15,0,121,0,0,0,"Wednesday",15,46,11,0,15
"R1","Salad",2023-11-16,15,40,210,0,0,0,"Thursday",16,46,11,6,9
"R1","Salad",2023-11-17,15,0,135,0,1,0,"Friday",17,46,11,0,15
"R1","Salad",2023-11-18,15,0,165,1,0,0,"Saturday",18,46,11,0,15
"R1","Salad",2023-11-19,15,10,185,1,0,0,"Sunday",19,46,11,1.5,13.5
"R1","Salad",2023-11-20,15,0,124,0,0,0,"Monday",20,47,11,0,15
"R1","Salad",2023-11-21,15,0,127,0,0,0,"Tuesday",21,47,11,0,15
"R1","Salad",2023-11-22,15,0,128,0,0,0,"Wednesday",22,47,11,0,15
"R1","Salad",2023-11-23,15,40,214,0,0,0,"Thursday",23,47,11,6,9
"R1","Salad",2023-11-24,15,30,203,0,1,0,"Friday",24,47,11,4.5,10.5
"R1","Salad",2023-11-25,15,5,153,1,0,0,"Saturday",25,47,11,0.75,14.25
"R1","Salad",2023-11-26,15,NA,145,1,0,0,"Sunday",26,47,11,NA,NA
"R1","Salad",2023-11-27,15,NA,120,0,0,0,"Monday",27,48,11,NA,NA
"R1","Salad",2023-11-28,15,NA,165,0,0,1,"Tuesday",28,48,11,NA,NA
"R1","Salad",2023-11-29,15,0,130,0,0,0,"Wednesday",29,48,11,0,15
"R1","Salad",2023-11-30,15,50,249,0,0,0,"Thursday",30,48,11,7.5,7.5
"R2","Burger",2023-11-01,10,10,105,0,0,0,"Wednesday",1,44,11,1,9
"R2","Burger",2023-11-02,10,0,102,0,0,0,"Thursday",2,44,11,0,10
"R2","Burger",2023-11-03,10,0,93,0,1,0,"Friday",3,44,11,0,10
"R2","Burger",2023-11-04,10,5,105,1,0,0,"Saturday",4,44,11,0.5,9.5
"R2","Burger",2023-11-05,10,25,138,1,0,0,"Sunday",5,44,11,2.5,7.5
"R2","Burger",2023-11-06,10,0,92,0,0,0,"Monday",6,45,11,0,10
"R2","Burger",2023-11-07,10,0,91,0,0,0,"Tuesday",7,45,11,0,10
"R2","Burger",2023-11-08,10,0,94,0,0,0,"Wednesday",8,45,11,0,10
"R2","Burger",2023-11-09,10,0,90,0,0,0,"Thursday",9,45,11,0,10
"R2","Burger",2023-11-10,10,0,105,0,1,0,"Friday",10,45,11,0,10
"R2","Burger",2023-11-11,10,30,156,1,0,1,"Saturday",11,45,11,3,7
"R2","Burger",2023-11-12,10,0,145,1,0,0,"Sunday",12,45,11,0,10
"R2","Burger",2023-11-13,10,0,102,0,0,0,"Monday",13,46,11,0,10
"R2","Burger",2023-11-14,10,0,101,0,0,0,"Tuesday",14,46,11,0,10
"R2","Burger",2023-11-15,10,20,110,0,0,0,"Wednesday",15,46,11,2,8
"R2","Burger",2023-11-16,10,0,92,0,0,0,"Thursday",16,46,11,0,10
"R2","Burger",2023-11-17,10,0,101,0,1,0,"Friday",17,46,11,0,10
"R2","Burger",2023-11-18,10,0,135,1,0,0,"Saturday",18,46,11,0,10
"R2","Burger",2023-11-19,10,40,150,1,0,0,"Sunday",19,46,11,4,6
"R2","Burger",2023-11-20,10,10,104,0,0,0,"Monday",20,47,11,1,9
"R2","Burger",2023-11-21,10,0,90,0,0,0,"Tuesday",21,47,11,0,10
"R2","Burger",2023-11-22,10,0,100,0,0,0,"Wednesday",22,47,11,0,10
"R2","Burger",2023-11-23,10,30,145,0,0,0,"Thursday",23,47,11,3,7
"R2","Burger",2023-11-24,10,40,171,0,1,0,"Friday",24,47,11,4,6
"R2","Burger",2023-11-25,10,0,145,1,0,0,"Saturday",25,47,11,0,10
"R2","Burger",2023-11-26,10,0,165,1,0,0,"Sunday",26,47,11,0,10
"R2","Burger",2023-11-27,10,0,103,0,0,0,"Monday",27,48,11,0,10
"R2","Burger",2023-11-28,10,0,102,0,0,1,"Tuesday",28,48,11,0,10
"R2","Burger",2023-11-29,10,20,115,0,0,0,"Wednesday",29,48,11,2,8
"R2","Burger",2023-11-30,10,25,122,0,0,0,"Thursday",30,48,11,2.5,7.5
"R2","Salad",2023-11-01,18,40,240,0,0,0,"Wednesday",1,44,11,7.2,10.8
"R2","Salad",2023-11-02,18,5,167,0,0,0,"Thursday",2,44,11,0.9,17.1
"R2","Salad",2023-11-03,18,0,165,0,1,0,"Friday",3,44,11,0,18
"R2","Salad",2023-11-04,18,0,168,1,0,0,"Saturday",4,44,11,0,18
"R2","Salad",2023-11-05,18,0,177,1,0,0,"Sunday",5,44,11,0,18
"R2","Salad",2023-11-06,18,0,160,0,0,0,"Monday",6,45,11,0,18
"R2","Salad",2023-11-07,18,0,160,0,0,0,"Tuesday",7,45,11,0,18
"R2","Salad",2023-11-08,18,0,161,0,0,0,"Wednesday",8,45,11,0,18
"R2","Salad",2023-11-09,18,5,168,0,0,0,"Thursday",9,45,11,0.9,17.1
"R2","Salad",2023-11-10,18,0,175,0,1,0,"Friday",10,45,11,0,18
"R2","Salad",2023-11-11,18,0,198,1,0,1,"Saturday",11,45,11,0,18
"R2","Salad",2023-11-12,18,0,169,1,0,0,"Sunday",12,45,11,0,18
"R2","Salad",2023-11-13,18,0,157,0,0,0,"Monday",13,46,11,0,18
"R2","Salad",2023-11-14,18,0,158,0,0,0,"Tuesday",14,46,11,0,18
"R2","Salad",2023-11-15,18,0,157,0,0,0,"Wednesday",15,46,11,0,18
"R2","Salad",2023-11-16,18,20,199,0,0,0,"Thursday",16,46,11,3.6,14.4
"R2","Salad",2023-11-17,18,0,160,0,1,0,"Friday",17,46,11,0,18
"R2","Salad",2023-11-18,18,0,175,1,0,0,"Saturday",18,46,11,0,18
"R2","Salad",2023-11-19,18,40,345,1,0,0,"Sunday",19,46,11,7.2,10.8
"R2","Salad",2023-11-20,18,0,159,0,0,0,"Monday",20,47,11,0,18
"R2","Salad",2023-11-21,18,0,161,0,0,0,"Tuesday",21,47,11,0,18
"R2","Salad",2023-11-22,18,0,158,0,0,0,"Wednesday",22,47,11,0,18
"R2","Salad",2023-11-23,18,20,195,0,0,0,"Thursday",23,47,11,3.6,14.4
"R2","Salad",2023-11-24,18,0,161,0,1,0,"Friday",24,47,11,0,18
"R2","Salad",2023-11-25,18,25,205,1,0,0,"Saturday",25,47,11,4.5,13.5
"R2","Salad",2023-11-26,18,0,195,1,0,0,"Sunday",26,47,11,0,18
"R2","Salad",2023-11-27,18,0,157,0,0,0,"Monday",27,48,11,0,18
"R2","Salad",2023-11-28,18,0,175,0,0,1,"Tuesday",28,48,11,0,18
"R2","Salad",2023-11-29,18,25,214,0,0,0,"Wednesday",29,48,11,4.5,13.5
"R2","Salad",2023-11-30,18,25,212,0,0,0,"Thursday",30,48,11,4.5,13.5
